Date;RF;Mkt-RF;SMB;HML
01-07-26;    0.22;    2.96;   -2.30;   -2.87
01-08-26;    0.25;    2.64;   -1.40;    4.19
01-09-26;    0.23;    0.36;   -1.32;    0.01
01-10-26;    0.32;   -3.24;    0.04;    0.51
01-11-26;    0.31;    2.53;   -0.20;   -0.35
01-12-26;    0.28;    2.62;   -0.04;   -0.02
01-01-27;    0.25;   -0.06;   -0.56;    4.83
01-02-27;    0.26;    4.18;   -0.10;    3.17
01-03-27;    0.30;    0.13;   -1.60;   -2.67
01-04-27;    0.25;    0.46;    0.43;    0.60
01-05-27;    0.30;    5.44;    1.41;    4.93
01-06-27;    0.26;   -2.34;    0.47;   -1.53
01-07-27;    0.30;    7.26;   -3.23;   -1.16
01-08-27;    0.28;    1.97;   -0.72;   -3.69
01-09-27;    0.21;    4.76;   -3.57;   -0.71
01-10-27;    0.25;   -4.31;    2.13;   -4.33
01-11-27;    0.21;    6.58;    2.76;   -0.31
01-12-27;    0.22;    2.09;    0.93;   -1.06
01-01-28;    0.25;   -0.68;    4.25;   -0.72
01-02-28;    0.33;   -1.70;   -2.03;   -0.69
01-03-28;    0.29;    8.81;   -0.26;   -1.20
01-04-28;    0.22;    4.23;    3.82;    3.67
01-05-28;    0.32;    1.52;    2.98;   -3.46
01-06-28;    0.31;   -4.85;   -3.50;   -0.06
01-07-28;    0.32;    0.62;   -1.35;   -0.47
01-08-28;    0.32;    6.68;   -2.07;   -2.11
01-09-28;    0.27;    2.88;    2.18;    0.76
01-10-28;    0.41;    1.33;    2.27;   -2.26
01-11-28;    0.38;   11.81;   -1.81;    2.80
01-12-28;    0.06;    0.36;   -0.85;   -0.60
01-01-29;    0.34;    4.66;   -3.55;   -1.21
01-02-29;    0.36;   -0.34;   -0.39;    1.68
01-03-29;    0.34;   -0.89;   -4.78;    1.56
01-04-29;    0.36;    1.43;   -0.99;    0.61
01-05-29;    0.44;   -6.39;   -5.46;   -1.57
01-06-29;    0.52;    9.70;   -2.17;   -2.76
01-07-29;    0.33;    4.46;   -3.88;    2.66
01-08-29;    0.40;    8.18;   -9.52;    0.06
01-09-29;    0.35;   -5.47;    1.17;   -0.63
01-10-29;    0.46;  -20.12;   -4.08;    7.85
01-11-29;    0.37;  -12.74;   -1.91;    5.33
01-12-29;    0.37;    1.33;   -4.20;   -0.59
01-01-30;    0.14;    5.61;    3.58;   -1.01
01-02-30;    0.30;    2.50;    0.12;    0.39
01-03-30;    0.35;    7.10;    3.44;    0.15
01-04-30;    0.21;   -2.06;   -0.17;   -0.84
01-05-30;    0.26;   -1.66;   -2.04;   -0.63
01-06-30;    0.27;  -16.27;   -3.22;    2.00
01-07-30;    0.20;    4.12;   -0.37;   -1.56
01-08-30;    0.09;    0.30;   -2.22;   -0.78
01-09-30;    0.22;  -12.75;   -2.22;   -5.27
01-10-30;    0.09;   -8.78;   -0.10;   -1.35
01-11-30;    0.13;   -3.04;    2.21;   -3.53
01-12-30;    0.14;   -7.83;   -4.68;   -5.39
01-01-31;    0.15;    6.24;    3.81;    7.21
01-02-31;    0.04;   10.88;    3.39;    1.60
01-03-31;    0.13;   -6.43;    3.07;   -3.65
01-04-31;    0.08;   -9.98;   -4.61;   -3.92
01-05-31;    0.09;  -13.24;    5.16;   -6.57
01-06-31;    0.08;   13.90;   -5.38;   11.30
01-07-31;    0.06;   -6.62;    1.43;   -2.10
01-08-31;    0.03;    0.41;   -1.97;   -1.49
01-09-31;    0.03;  -29.13;    0.56;   -6.75
01-10-31;    0.10;    8.04;   -1.87;    1.70
01-11-31;    0.17;   -9.08;    4.30;   -5.05
01-12-31;    0.12;  -13.53;   -0.56;   -8.86
01-01-32;    0.23;   -1.58;    3.94;    9.04
01-02-32;    0.23;    5.46;   -2.77;   -1.45
01-03-32;    0.16;  -11.21;    2.27;   -2.32
01-04-32;    0.11;  -17.96;    1.44;    1.42
01-05-32;    0.06;  -20.51;    3.72;   -3.28
01-06-32;    0.02;   -0.70;    0.35;    5.32
01-07-32;    0.03;   33.84;   -4.44;   35.46
01-08-32;    0.03;   37.06;   14.29;   33.03
01-09-32;    0.03;   -2.94;   -2.43;   -6.82
01-10-32;    0.02;  -13.17;   -2.76;  -10.04
01-11-32;    0.02;   -5.88;    2.08;  -13.28
01-12-32;    0.01;    4.40;   -8.27;   -8.17
01-01-33;    0.01;    1.25;    0.69;    6.23
01-02-33;   -0.03;  -15.24;   -2.75;   -2.73
01-03-33;    0.04;    3.29;    3.90;    7.38
01-04-33;    0.10;   38.85;    4.56;   17.43
01-05-33;    0.04;   21.43;   36.70;   19.03
01-06-33;    0.02;   13.11;    8.67;   -1.88
01-07-33;    0.02;   -9.63;   -1.01;    3.27
01-08-33;    0.03;   12.05;   -5.45;    2.96
01-09-33;    0.02;  -10.65;   -0.32;  -11.77
01-10-33;    0.01;   -8.36;   -0.08;   -8.46
01-11-33;    0.02;    9.97;   -6.48;    2.33
01-12-33;    0.02;    1.83;    0.66;   -1.53
01-01-34;    0.05;   12.60;   12.53;   15.54
01-02-34;    0.02;   -2.50;    5.19;    2.12
01-03-34;    0.02;    0.09;    2.51;   -2.73
01-04-34;    0.01;   -1.79;    2.80;   -3.75
01-05-34;    0.01;   -7.25;   -0.26;   -5.91
01-06-34;    0.01;    2.64;   -2.14;   -2.92
01-07-34;    0.01;  -10.96;   -6.94;  -10.66
01-08-34;    0.01;    5.58;    5.42;    0.50
01-09-34;    0.01;   -0.23;   -1.52;   -1.24
01-10-34;    0.01;   -1.66;    1.24;   -5.11
01-11-34;    0.01;    8.33;    6.49;   -2.24
01-12-34;    0.01;    0.36;    3.08;   -3.17
01-01-35;    0.01;   -3.45;    1.07;   -1.89
01-02-35;    0.02;   -1.94;    0.42;   -7.24
01-03-35;    0.01;   -3.68;   -3.54;   -5.06
01-04-35;    0.01;    9.06;   -1.56;    4.27
01-05-35;    0.01;    3.47;   -3.34;    2.61
01-06-35;    0.01;    5.93;   -2.51;   -1.65
01-07-35;    0.01;    7.51;    1.47;    6.86
01-08-35;    0.01;    2.65;    6.28;    5.70
01-09-35;    0.01;    2.63;    1.57;   -4.05
01-10-35;    0.01;    7.03;    2.65;   -2.33
01-11-35;    0.02;    4.88;    4.30;   11.91
01-12-35;    0.01;    4.56;    0.22;    1.07
01-01-36;    0.01;    6.89;    5.10;   10.51
01-02-36;    0.01;    2.49;    1.14;    5.04
01-03-36;    0.02;    0.99;    0.66;   -1.66
01-04-36;    0.02;   -8.14;   -6.03;   -2.08
01-05-36;    0.02;    5.19;    0.81;    2.63
01-06-36;    0.03;    2.40;   -3.25;   -1.20
01-07-36;    0.01;    6.67;    1.14;    2.56
01-08-36;    0.02;    0.99;    0.72;    3.99
01-09-36;    0.01;    0.98;    3.07;    0.88
01-10-36;    0.02;    7.12;   -2.39;    2.52
01-11-36;    0.01;    3.27;    9.01;   -0.92
01-12-36;    0.00;    0.21;    3.61;    3.96
01-01-37;    0.01;    3.35;    4.31;    2.61
01-02-37;    0.02;    1.09;    1.23;    5.05
01-03-37;    0.01;   -0.27;   -1.78;    6.39
01-04-37;    0.03;   -7.36;   -3.77;   -3.61
01-05-37;    0.06;   -0.83;   -0.66;   -3.49
01-06-37;    0.03;   -4.21;   -3.65;   -3.21
01-07-37;    0.03;    8.91;    0.85;    0.82
01-08-37;    0.02;   -4.86;    0.42;   -2.25
01-09-37;    0.04;  -13.61;   -6.89;   -4.57
01-10-37;    0.02;   -9.61;    0.45;   -1.62
01-11-37;    0.02;   -8.31;   -3.65;    0.20
01-12-37;    0.00;   -4.24;   -7.76;   -0.39
01-01-38;    0.00;    0.49;    4.97;   -1.60
01-02-38;    0.00;    5.84;    0.35;   -2.02
01-03-38;   -0.01;  -23.82;   -4.24;   -3.52
01-04-38;    0.01;   14.51;    6.37;    0.18
01-05-38;    0.00;   -3.83;   -2.47;   -0.28
01-06-38;    0.00;   23.87;    4.05;    0.30
01-07-38;   -0.01;    7.34;    6.66;    2.18
01-08-38;    0.00;   -2.67;   -2.44;   -4.72
01-09-38;    0.02;    0.81;   -2.72;   -1.62
01-10-38;    0.01;    7.80;    5.83;    5.01
01-11-38;   -0.06;   -1.72;   -2.56;   -1.23
01-12-38;    0.00;    4.19;   -1.80;    0.50
01-01-39;   -0.01;   -5.96;   -1.56;   -3.92
01-02-39;    0.01;    3.51;    0.63;    2.95
01-03-39;   -0.01;  -11.99;   -4.76;   -8.29
01-04-39;    0.00;   -0.18;    1.66;   -0.30
01-05-39;    0.01;    6.80;    2.81;    0.47
01-06-39;    0.01;   -5.31;   -1.02;   -5.41
01-07-39;    0.00;   10.24;    4.32;   -0.03
01-08-39;   -0.01;   -6.68;   -4.61;   -2.42
01-09-39;    0.01;   16.88;   20.23;   22.22
01-10-39;    0.00;   -0.53;   -0.01;   -4.89
01-11-39;    0.00;   -3.62;   -5.07;   -6.46
01-12-39;    0.00;    3.03;    0.79;   -4.06
01-01-40;    0.00;   -2.41;    0.24;   -0.77
01-02-40;    0.00;    1.44;    2.51;   -0.32
01-03-40;    0.00;    2.05;    1.25;   -1.27
01-04-40;    0.00;    0.22;    3.92;   -0.13
01-05-40;   -0.02;  -21.95;   -6.66;   -3.69
01-06-40;    0.00;    6.67;   -2.13;    4.63
01-07-40;    0.01;    3.16;    1.01;   -0.74
01-08-40;   -0.01;    2.19;   -0.11;    0.56
01-09-40;    0.00;    2.39;    3.22;   -1.13
01-10-40;    0.00;    3.02;    0.28;    4.64
01-11-40;    0.00;   -1.61;    1.94;    0.12
01-12-40;    0.00;    0.69;   -2.15;   -0.89
01-01-41;   -0.01;   -4.17;    1.00;    3.83
01-02-41;   -0.01;   -1.43;   -1.57;    0.89
01-03-41;    0.01;    0.84;    0.10;    3.04
01-04-41;   -0.01;   -5.46;   -1.69;    3.41
01-05-41;    0.00;    1.39;   -0.66;    0.60
01-06-41;    0.00;    5.83;    1.32;    0.59
01-07-41;    0.03;    5.87;    5.70;    7.25
01-08-41;    0.01;   -0.17;   -0.41;   -1.10
01-09-41;    0.01;   -0.87;   -0.99;   -0.28
01-10-41;    0.00;   -5.25;   -2.02;    1.63
01-11-41;    0.00;   -1.92;   -1.21;   -0.64
01-12-41;    0.01;   -4.87;   -2.98;   -5.94
01-01-42;    0.02;    0.79;    7.52;   10.10
01-02-42;    0.01;   -2.46;    1.72;   -1.13
01-03-42;    0.01;   -6.58;    1.78;   -0.62
01-04-42;    0.01;   -4.37;   -0.60;    2.09
01-05-42;    0.03;    5.94;   -3.05;   -2.65
01-06-42;    0.02;    2.69;   -1.22;    0.54
01-07-42;    0.03;    3.51;   -0.16;    2.40
01-08-42;    0.03;    1.80;   -0.09;    1.33
01-09-42;    0.03;    2.61;    0.66;    2.39
01-10-42;    0.03;    6.82;    1.82;    6.47
01-11-42;    0.03;    0.15;   -1.54;   -4.24
01-12-42;    0.03;    5.12;   -2.49;    0.56
01-01-43;    0.03;    7.13;    8.78;    8.23
01-02-43;    0.03;    6.15;    4.84;    6.51
01-03-43;    0.03;    6.01;    5.03;    5.48
01-04-43;    0.03;    0.81;    2.06;    5.86
01-05-43;    0.03;    5.74;    4.41;    3.28
01-06-43;    0.03;    1.82;   -1.06;   -0.74
01-07-43;    0.03;   -4.77;   -2.41;   -2.27
01-08-43;    0.03;    1.30;   -0.62;   -0.47
01-09-43;    0.03;    2.40;    1.28;    1.43
01-10-43;    0.03;   -1.15;    0.58;    1.65
01-11-43;    0.03;   -5.91;   -1.64;   -4.04
01-12-43;    0.03;    6.36;    3.34;    3.22
01-01-44;    0.03;    1.74;    2.56;    2.17
01-02-44;    0.03;    0.37;   -0.10;    0.83
01-03-44;    0.02;    2.46;    1.71;    3.43
01-04-44;    0.03;   -1.69;   -1.35;   -1.13
01-05-44;    0.03;    5.07;    1.67;    1.02
01-06-44;    0.03;    5.49;    4.04;    1.82
01-07-44;    0.03;   -1.49;    0.55;   -0.43
01-08-44;    0.03;    1.57;    2.41;   -1.63
01-09-44;    0.02;    0.01;    0.47;   -1.21
01-10-44;    0.03;    0.16;   -0.14;   -0.34
01-11-44;    0.03;    1.71;    0.37;    2.31
01-12-44;    0.02;    4.03;    2.24;    5.91
01-01-45;    0.03;    2.01;    2.44;    0.71
01-02-45;    0.02;    6.23;    1.56;    4.40
01-03-45;    0.02;   -3.89;   -1.61;   -1.78
01-04-45;    0.03;    7.80;    0.32;    3.21
01-05-45;    0.03;    1.73;    1.51;    0.35
01-06-45;    0.02;    0.39;    3.10;    4.32
01-07-45;    0.03;   -2.17;   -1.46;   -2.71
01-08-45;    0.03;    6.20;    1.61;   -4.40
01-09-45;    0.03;    4.77;    1.71;    0.48
01-10-45;    0.03;    3.89;    2.46;    2.25
01-11-45;    0.02;    5.39;    4.16;    4.34
01-12-45;    0.03;    1.20;    2.12;   -2.32
01-01-46;    0.03;    6.24;    4.02;    2.21
01-02-46;    0.03;   -5.83;   -0.73;   -1.27
01-03-46;    0.03;    5.87;    0.31;   -0.36
01-04-46;    0.03;    4.23;    2.37;    0.45
01-05-46;    0.03;    3.93;    1.46;    1.09
01-06-46;    0.03;   -3.89;   -1.53;   -0.59
01-07-46;    0.03;   -2.69;   -2.06;    0.04
01-08-46;    0.03;   -6.44;   -1.78;    0.60
01-09-46;    0.03;  -10.17;   -4.41;   -1.96
01-10-46;    0.03;   -1.44;    0.09;    3.44
01-11-46;    0.03;   -0.01;   -0.40;    1.52
01-12-46;    0.03;    4.96;    0.06;   -1.38
01-01-47;    0.03;    1.25;    2.18;   -0.73
01-02-47;    0.03;   -1.08;    0.68;    0.14
01-03-47;    0.03;   -1.67;   -1.61;    0.61
01-04-47;    0.03;   -4.80;   -3.97;    0.85
01-05-47;    0.03;   -0.97;   -3.26;    0.34
01-06-47;    0.03;    5.29;   -0.31;   -0.60
01-07-47;    0.03;    4.14;    1.43;    2.82
01-08-47;    0.03;   -1.74;    0.30;    0.16
01-09-47;    0.06;   -0.54;    1.64;    1.36
01-10-47;    0.06;    2.47;    0.51;    0.08
01-11-47;    0.06;   -1.97;   -1.74;    1.06
01-12-47;    0.08;    3.00;   -2.48;    3.69
01-01-48;    0.07;   -3.93;    2.49;    1.38
01-02-48;    0.07;   -4.38;   -1.71;    0.07
01-03-48;    0.09;    8.07;    0.13;    4.49
01-04-48;    0.08;    3.65;   -1.66;    4.10
01-05-48;    0.08;    7.30;    0.93;   -1.23
01-06-48;    0.09;   -0.10;   -1.86;    2.75
01-07-48;    0.08;   -5.09;   -0.32;    0.07
01-08-48;    0.09;    0.25;   -1.10;    0.27
01-09-48;    0.04;   -2.97;   -1.23;   -1.79
01-10-48;    0.04;    5.96;   -1.50;    0.56
01-11-48;    0.04;   -9.30;   -0.62;   -4.14
01-12-48;    0.04;    3.26;   -2.80;   -1.94
01-01-49;    0.10;    0.23;    1.81;    1.17
01-02-49;    0.09;   -2.93;   -1.89;   -0.91
01-03-49;    0.10;    4.04;    2.48;    1.34
01-04-49;    0.09;   -1.87;   -0.89;   -1.18
01-05-49;    0.10;   -2.94;   -0.77;   -2.42
01-06-49;    0.10;    0.10;   -0.88;   -1.76
01-07-49;    0.09;    5.54;    0.57;    0.38
01-08-49;    0.09;    2.60;    0.13;   -0.57
01-09-49;    0.09;    3.09;    1.05;    0.23
01-10-49;    0.09;    3.14;    1.03;   -0.49
01-11-49;    0.08;    1.82;   -0.93;   -0.91
01-12-49;    0.09;    5.13;    2.07;    1.75
01-01-50;    0.09;    1.70;    3.36;    0.14
01-02-50;    0.09;    1.48;    0.04;   -0.81
01-03-50;    0.10;    1.26;   -1.41;   -2.77
01-04-50;    0.09;    3.94;    1.99;    1.34
01-05-50;    0.10;    4.31;   -2.12;    0.46
01-06-50;    0.10;   -5.94;   -2.38;   -0.78
01-07-50;    0.10;    1.36;    0.51;   13.66
01-08-50;    0.10;    4.85;    0.73;   -1.41
01-09-50;    0.10;    4.81;    0.57;   -1.11
01-10-50;    0.12;   -0.18;   -0.58;    1.44
01-11-50;    0.11;    2.76;   -0.84;    3.17
01-12-50;    0.11;    5.54;    1.49;    7.23
01-01-51;    0.13;    5.70;    1.73;    3.72
01-02-51;    0.10;    1.41;    0.09;   -2.83
01-03-51;    0.11;   -2.15;   -0.64;   -4.22
01-04-51;    0.13;    4.86;   -1.49;    3.28
01-05-51;    0.12;   -2.34;   -0.01;   -1.33
01-06-51;    0.12;   -2.62;   -1.95;   -3.96
01-07-51;    0.13;    6.94;   -1.99;    2.01
01-08-51;    0.13;    4.27;    0.99;   -0.16
01-09-51;    0.12;    0.70;    1.90;    0.61
01-10-51;    0.16;   -2.53;   -0.22;    0.25
01-11-51;    0.11;    0.57;   -0.29;   -0.05
01-12-51;    0.12;    3.33;   -2.25;   -1.56
01-01-52;    0.15;    1.45;   -0.61;    1.54
01-02-52;    0.12;   -2.62;    0.79;   -0.61
01-03-52;    0.11;    4.44;   -2.99;    2.16
01-04-52;    0.12;   -4.97;    0.48;   -0.10
01-05-52;    0.13;    3.20;   -1.01;    0.08
01-06-52;    0.15;    3.83;   -1.61;    1.23
01-07-52;    0.15;    0.91;   -0.40;   -0.35
01-08-52;    0.15;   -0.76;    1.18;    0.03
01-09-52;    0.16;   -2.03;    1.15;   -1.51
01-10-52;    0.14;   -0.66;   -1.06;   -0.45
01-11-52;    0.10;    5.94;   -0.71;    0.95
01-12-52;    0.16;    2.93;   -1.48;    0.18
01-01-53;    0.16;   -0.34;    3.58;    1.32
01-02-53;    0.14;   -0.27;    2.15;   -0.08
01-03-53;    0.18;   -1.43;   -0.19;   -0.80
01-04-53;    0.16;   -2.83;    0.28;    1.53
01-05-53;    0.17;    0.52;   -0.07;    0.23
01-06-53;    0.18;   -1.89;   -1.86;   -0.47
01-07-53;    0.15;    2.40;   -1.05;   -0.24
01-08-53;    0.17;   -4.52;    0.36;   -3.54
01-09-53;    0.16;    0.20;   -0.85;   -2.42
01-10-53;    0.13;    4.60;   -1.37;   -0.19
01-11-53;    0.08;    2.83;   -1.29;   -0.17
01-12-53;    0.13;    0.03;   -0.84;   -2.84
01-01-54;    0.11;    5.13;    0.46;    3.51
01-02-54;    0.07;    1.67;   -0.17;   -0.28
01-03-54;    0.08;    3.65;   -0.49;   -1.46
01-04-54;    0.09;    4.27;   -3.48;   -0.37
01-05-54;    0.05;    3.09;    0.39;    2.46
01-06-54;    0.06;    1.07;    0.41;   -0.03
01-07-54;    0.05;    4.99;    1.07;    4.11
01-08-54;    0.05;   -2.34;    2.66;   -1.36
01-09-54;    0.09;    6.39;   -2.54;    0.66
01-10-54;    0.07;   -1.67;    0.59;    0.72
01-11-54;    0.06;    9.38;   -2.62;    4.36
01-12-54;    0.08;    5.48;    2.14;    5.71
01-01-55;    0.08;    0.60;    0.25;    2.18
01-02-55;    0.09;    3.02;    1.54;    0.62
01-03-55;    0.10;   -0.16;   -0.66;    1.95
01-04-55;    0.10;    3.11;   -1.79;    0.81
01-05-55;    0.14;    0.93;   -0.29;   -0.86
01-06-55;    0.10;    6.55;   -4.65;    1.92
01-07-55;    0.10;    1.90;   -1.36;    0.63
01-08-55;    0.16;    0.21;   -0.38;    0.58
01-09-55;    0.16;   -0.36;    0.30;   -1.06
01-10-55;    0.18;   -2.68;    1.50;   -0.03
01-11-55;    0.17;    7.03;   -2.46;    0.50
01-12-55;    0.18;    1.49;    2.08;   -2.24
01-01-56;    0.22;   -3.03;    0.44;    1.12
01-02-56;    0.19;    3.77;   -1.04;   -0.53
01-03-56;    0.15;    6.64;   -2.42;   -0.14
01-04-56;    0.19;    0.28;    0.07;   -0.18
01-05-56;    0.23;   -5.20;    1.50;   -1.33
01-06-56;    0.20;    3.48;   -1.46;   -1.32
01-07-56;    0.22;    4.84;   -1.68;   -0.01
01-08-56;    0.17;   -3.18;    1.90;   -0.71
01-09-56;    0.18;   -5.14;    1.56;    1.79
01-10-56;    0.25;    0.52;   -0.09;   -0.06
01-11-56;    0.20;    0.36;   -0.22;    1.78
01-12-56;    0.24;    3.16;   -0.03;   -2.10
01-01-57;    0.27;   -3.58;    3.40;    2.78
01-02-57;    0.24;   -2.06;   -0.72;   -0.73
01-03-57;    0.23;    2.13;    0.27;   -0.47
01-04-57;    0.25;    4.26;   -1.60;   -1.51
01-05-57;    0.26;    3.45;   -1.07;   -2.05
01-06-57;    0.24;   -0.74;    0.55;    0.01
01-07-57;    0.30;    0.66;   -0.76;    0.38
01-08-57;    0.25;   -5.11;    0.06;   -0.45
01-09-57;    0.26;   -5.98;    0.08;    0.88
01-10-57;    0.29;   -4.32;   -2.52;   -1.83
01-11-57;    0.28;    2.30;    0.40;   -2.90
01-12-57;    0.24;   -3.91;   -0.93;   -1.71
01-01-58;    0.28;    4.66;    4.36;    4.23
01-02-58;    0.12;   -1.52;    0.70;    0.28
01-03-58;    0.09;    3.27;    0.63;   -0.92
01-04-58;    0.08;    3.09;   -0.59;    1.46
01-05-58;    0.11;    2.31;    2.24;   -0.35
01-06-58;    0.03;    2.93;   -0.24;    0.50
01-07-58;    0.07;    4.39;    0.47;    3.12
01-08-58;    0.04;    1.91;    1.19;    0.29
01-09-58;    0.19;    4.66;    0.15;    2.96
01-10-58;    0.18;    2.53;    1.13;   -1.18
01-11-58;    0.11;    3.01;    2.06;   -1.29
01-12-58;    0.22;    5.15;   -2.07;   -0.05
01-01-59;    0.21;    0.71;    3.02;    2.98
01-02-59;    0.19;    0.95;    1.49;    1.05
01-03-59;    0.22;    0.28;    1.48;   -0.35
01-04-59;    0.20;    3.66;   -0.58;   -1.22
01-05-59;    0.22;    1.73;   -2.15;    1.87
01-06-59;    0.25;   -0.25;    0.68;    1.33
01-07-59;    0.25;    3.17;   -0.32;    0.26
01-08-59;    0.19;   -1.39;   -0.78;    0.44
01-09-59;    0.31;   -4.80;   -0.09;    0.57
01-10-59;    0.30;    1.28;    1.43;   -2.05
01-11-59;    0.26;    1.60;    1.24;   -3.27
01-12-59;    0.34;    2.45;   -0.60;   -0.03
01-01-60;    0.33;   -6.98;    2.09;    2.73
01-02-60;    0.29;    1.17;    0.51;   -1.99
01-03-60;    0.35;   -1.63;   -0.51;   -2.85
01-04-60;    0.19;   -1.71;    0.31;   -2.23
01-05-60;    0.27;    3.12;    1.21;   -3.76
01-06-60;    0.24;    2.08;   -0.22;   -0.34
01-07-60;    0.13;   -2.37;   -0.52;    2.03
01-08-60;    0.17;    3.01;    0.90;   -0.19
01-09-60;    0.16;   -5.99;   -1.12;    1.58
01-10-60;    0.22;   -0.71;   -3.97;    2.60
01-11-60;    0.13;    4.69;    0.34;   -2.45
01-12-60;    0.16;    4.71;   -1.56;   -0.79
01-01-61;    0.19;    6.20;    0.65;    3.70
01-02-61;    0.14;    3.57;    3.97;   -0.74
01-03-61;    0.20;    2.89;    3.23;   -0.77
01-04-61;    0.17;    0.29;    0.13;    2.05
01-05-61;    0.18;    2.40;    1.95;    0.48
01-06-61;    0.20;   -3.08;   -2.48;   -0.18
01-07-61;    0.18;    2.83;   -1.88;   -0.15
01-08-61;    0.14;    2.57;   -1.81;   -0.20
01-09-61;    0.17;   -2.15;   -1.13;   -0.47
01-10-61;    0.19;    2.57;   -1.96;    0.59
01-11-61;    0.15;    4.45;    1.03;   -0.88
01-12-61;    0.19;   -0.18;   -1.12;    2.21
01-01-62;    0.24;   -3.87;    1.86;    4.98
01-02-62;    0.20;    1.81;   -1.18;    0.89
01-03-62;    0.20;   -0.68;    0.23;   -1.00
01-04-62;    0.22;   -6.59;   -0.99;    0.48
01-05-62;    0.24;   -8.65;   -3.02;    2.32
01-06-62;    0.20;   -8.47;   -0.76;    2.79
01-07-62;    0.27;    6.28;    1.61;   -3.62
01-08-62;    0.23;    2.13;    1.25;   -1.22
01-09-62;    0.21;   -5.22;   -2.49;    1.31
01-10-62;    0.25;   -0.05;   -4.01;    1.35
01-11-62;    0.20;   10.87;    2.58;    1.05
01-12-62;    0.23;    1.01;   -3.80;    0.34
01-01-63;    0.25;    4.93;    3.09;    2.21
01-02-63;    0.23;   -2.38;    0.48;    2.24
01-03-63;    0.23;    3.08;   -2.51;    1.94
01-04-63;    0.25;    4.51;   -1.32;    1.03
01-05-63;    0.24;    1.76;    1.07;    2.58
01-06-63;    0.23;   -2.00;   -0.26;    0.72
01-07-63;    0.27;   -0.39;   -0.55;   -0.81
01-08-63;    0.25;    5.07;   -0.95;    1.65
01-09-63;    0.27;   -1.57;   -0.30;    0.19
01-10-63;    0.29;    2.53;   -0.54;   -0.09
01-11-63;    0.27;   -0.85;   -1.13;    1.71
01-12-63;    0.29;    1.83;   -1.96;   -0.10
01-01-64;    0.30;    2.24;   -0.19;    1.61
01-02-64;    0.26;    1.54;    0.09;    2.82
01-03-64;    0.31;    1.41;    0.99;    3.34
01-04-64;    0.29;    0.10;   -1.36;   -0.53
01-05-64;    0.26;    1.42;   -0.90;    1.96
01-06-64;    0.30;    1.27;   -0.26;    0.68
01-07-64;    0.30;    1.74;    0.23;    0.70
01-08-64;    0.28;   -1.44;    0.09;    0.09
01-09-64;    0.28;    2.69;   -0.51;    1.64
01-10-64;    0.29;    0.59;    0.45;    1.15
01-11-64;    0.29;    0.00;    0.61;   -1.99
01-12-64;    0.31;    0.03;   -0.25;   -2.55
01-01-65;    0.28;    3.54;    2.68;    0.19
01-02-65;    0.30;    0.44;    3.48;    0.19
01-03-65;    0.36;   -1.34;    1.78;    1.07
01-04-65;    0.31;    3.11;    1.19;    0.70
01-05-65;    0.31;   -0.77;    0.03;   -1.61
01-06-65;    0.35;   -5.51;   -4.35;    0.58
01-07-65;    0.31;    1.43;    0.87;    2.17
01-08-65;    0.33;    2.73;    2.84;   -1.04
01-09-65;    0.31;    2.86;    0.63;   -0.14
01-10-65;    0.31;    2.60;    2.48;    1.50
01-11-65;    0.35;   -0.03;    4.69;    0.20
01-12-65;    0.33;    1.01;    2.09;    1.99
01-01-66;    0.38;    0.72;    3.86;    3.54
01-02-66;    0.35;   -1.21;    4.46;    0.39
01-03-66;    0.38;   -2.51;    0.94;   -2.03
01-04-66;    0.34;    2.14;    3.43;   -0.50
01-05-66;    0.41;   -5.66;   -4.67;   -1.61
01-06-66;    0.38;   -1.44;    1.05;    0.51
01-07-66;    0.35;   -1.63;   -0.38;    0.93
01-08-66;    0.41;   -7.91;   -3.33;    0.59
01-09-66;    0.40;   -1.06;   -1.10;    0.54
01-10-66;    0.45;    3.86;   -6.63;    2.90
01-11-66;    0.40;    1.40;    4.37;   -4.64
01-12-66;    0.40;    0.13;    1.89;   -1.34
01-01-67;    0.43;    8.15;    8.47;    1.90
01-02-67;    0.36;    0.78;    3.36;   -2.23
01-03-67;    0.39;    3.99;    1.74;    0.18
01-04-67;    0.32;    3.89;    0.60;   -2.61
01-05-67;    0.33;   -4.33;    2.00;    0.83
01-06-67;    0.27;    2.41;    6.01;    0.88
01-07-67;    0.31;    4.58;    3.08;    2.65
01-08-67;    0.31;   -0.89;    0.47;    1.46
01-09-67;    0.32;    3.11;    3.10;   -2.47
01-10-67;    0.39;   -3.09;    1.42;   -3.39
01-11-67;    0.36;    0.37;    0.20;   -1.71
01-12-67;    0.33;    3.05;    5.73;   -0.39
01-01-68;    0.40;   -4.06;    3.91;    4.75
01-02-68;    0.39;   -3.75;   -2.95;    1.17
01-03-68;    0.38;    0.20;   -1.28;   -0.59
01-04-68;    0.43;    9.05;    5.73;   -1.03
01-05-68;    0.45;    2.28;    6.43;    0.84
01-06-68;    0.43;    0.69;   -0.17;    0.67
01-07-68;    0.48;   -2.72;   -1.30;    5.48
01-08-68;    0.42;    1.34;    2.34;    1.00
01-09-68;    0.43;    4.03;    2.76;    0.24
01-10-68;    0.44;    0.42;   -0.47;    2.89
01-11-68;    0.42;    5.43;    2.36;   -0.90
01-12-68;    0.43;   -3.94;    3.44;    0.02
01-01-69;    0.53;   -1.25;   -0.78;    1.69
01-02-69;    0.46;   -5.84;   -3.89;    0.90
01-03-69;    0.46;    2.64;   -0.25;   -0.46
01-04-69;    0.53;    1.46;   -0.88;    0.03
01-05-69;    0.48;   -0.10;   -0.27;    0.73
01-06-69;    0.51;   -7.18;   -5.39;   -1.09
01-07-69;    0.53;   -7.00;   -3.21;    1.42
01-08-69;    0.50;    4.68;    0.94;   -3.87
01-09-69;    0.62;   -2.98;    1.20;   -3.19
01-10-69;    0.60;    5.06;    3.81;   -3.19
01-11-69;    0.52;   -3.79;   -2.53;   -1.12
01-12-69;    0.64;   -2.63;   -3.67;   -3.02
01-01-70;    0.60;   -8.10;    2.90;    3.04
01-02-70;    0.62;    5.13;   -2.40;    4.04
01-03-70;    0.57;   -1.06;   -2.32;    4.25
01-04-70;    0.50;  -11.00;   -6.11;    6.39
01-05-70;    0.53;   -6.92;   -4.52;    3.60
01-06-70;    0.58;   -5.79;   -2.16;    0.87
01-07-70;    0.52;    6.93;   -0.53;    0.98
01-08-70;    0.53;    4.49;    1.53;    1.04
01-09-70;    0.54;    4.18;    8.59;   -5.62
01-10-70;    0.46;   -2.28;   -4.29;    0.26
01-11-70;    0.46;    4.59;   -4.07;    1.64
01-12-70;    0.42;    5.72;    2.96;    0.98
01-01-71;    0.38;    4.84;    7.36;    1.36
01-02-71;    0.33;    1.41;    1.85;   -1.33
01-03-71;    0.30;    4.13;    2.54;   -4.04
01-04-71;    0.28;    3.15;   -0.47;    0.75
01-05-71;    0.29;   -3.98;   -1.08;   -1.36
01-06-71;    0.37;   -0.10;   -1.43;   -2.07
01-07-71;    0.40;   -4.50;   -1.51;    0.17
01-08-71;    0.47;    3.79;   -0.16;    2.67
01-09-71;    0.37;   -0.85;    0.41;   -2.96
01-10-71;    0.37;   -4.42;   -1.80;   -0.43
01-11-71;    0.37;   -0.46;   -2.85;   -1.70
01-12-71;    0.37;    8.71;    3.32;   -0.35
01-01-72;    0.29;    2.49;    6.12;    1.99
01-02-72;    0.25;    2.87;    1.37;   -2.76
01-03-72;    0.27;    0.63;   -0.26;   -1.73
01-04-72;    0.29;    0.29;    0.02;    0.23
01-05-72;    0.30;    1.25;   -2.79;   -2.69
01-06-72;    0.29;   -2.43;    0.34;   -2.51
01-07-72;    0.31;   -0.80;   -2.89;    0.78
01-08-72;    0.29;    3.26;   -4.09;    4.69
01-09-72;    0.34;   -1.14;   -2.66;    0.47
01-10-72;    0.40;    0.52;   -2.74;    1.37
01-11-72;    0.37;    4.60;   -1.10;    4.76
01-12-72;    0.37;    0.62;   -1.86;   -2.27
01-01-73;    0.44;   -3.29;   -3.49;    2.68
01-02-73;    0.41;   -4.85;   -4.00;    1.70
01-03-73;    0.46;   -1.30;   -2.82;    2.78
01-04-73;    0.52;   -5.68;   -4.00;    5.69
01-05-73;    0.51;   -2.94;   -6.13;    0.21
01-06-73;    0.51;   -1.56;   -2.95;    1.44
01-07-73;    0.64;    5.05;    7.94;   -5.31
01-08-73;    0.70;   -3.82;   -2.01;    1.14
01-09-73;    0.68;    4.75;    2.92;    2.18
01-10-73;    0.65;   -0.83;   -0.23;    1.74
01-11-73;    0.56;  -12.75;   -7.74;    4.04
01-12-73;    0.64;    0.61;   -5.26;    4.09
01-01-74;    0.63;   -0.17;    9.77;    5.99
01-02-74;    0.58;   -0.47;    0.08;    2.54
01-03-74;    0.56;   -2.81;    2.49;   -0.11
01-04-74;    0.75;   -5.29;   -0.65;    1.06
01-05-74;    0.75;   -4.68;   -2.98;   -2.04
01-06-74;    0.60;   -2.83;   -0.20;    0.79
01-07-74;    0.70;   -8.05;    0.92;    5.14
01-08-74;    0.60;   -9.35;   -0.68;    2.50
01-09-74;    0.81;  -11.77;    0.27;    5.49
01-10-74;    0.51;   16.10;   -3.52;   -9.99
01-11-74;    0.54;   -4.51;   -1.17;   -0.16
01-12-74;    0.70;   -3.45;   -4.84;    0.00
01-01-75;    0.58;   13.66;   11.01;    8.44
01-02-75;    0.43;    5.56;    0.16;   -4.56
01-03-75;    0.41;    2.66;    3.76;    2.49
01-04-75;    0.44;    4.23;   -0.53;   -1.11
01-05-75;    0.44;    5.19;    3.83;   -4.02
01-06-75;    0.41;    4.83;    0.77;    1.32
01-07-75;    0.48;   -6.59;    2.68;    1.68
01-08-75;    0.48;   -2.85;   -3.24;   -0.80
01-09-75;    0.53;   -4.26;   -0.13;    0.36
01-10-75;    0.56;    5.31;   -4.03;    0.33
01-11-75;    0.41;    2.65;   -1.18;    1.98
01-12-75;    0.48;   -1.60;   -0.75;    1.73
01-01-76;    0.47;   12.16;    4.81;    8.57
01-02-76;    0.34;    0.32;    7.04;    5.76
01-03-76;    0.40;    2.33;   -1.19;   -0.02
01-04-76;    0.42;   -1.49;   -0.04;   -0.07
01-05-76;    0.37;   -1.34;   -1.24;   -1.32
01-06-76;    0.43;    4.05;   -1.35;    0.69
01-07-76;    0.47;   -1.07;    0.30;    1.70
01-08-76;    0.42;   -0.56;   -2.02;    0.80
01-09-76;    0.44;    2.06;    0.00;   -0.30
01-10-76;    0.41;   -2.42;    0.23;   -0.07
01-11-76;    0.40;    0.36;    2.31;    1.52
01-12-76;    0.40;    5.65;    3.00;    2.23
01-01-77;    0.36;   -4.05;    4.77;    4.27
01-02-77;    0.35;   -1.95;    1.08;    0.51
01-03-77;    0.38;   -1.37;    0.99;    1.00
01-04-77;    0.38;    0.15;   -0.12;    3.44
01-05-77;    0.37;   -1.46;    1.17;    0.86
01-06-77;    0.40;    4.71;    2.13;   -0.67
01-07-77;    0.42;   -1.69;    2.12;   -0.60
01-08-77;    0.44;   -1.75;    1.51;   -2.79
01-09-77;    0.43;   -0.27;    1.45;   -0.49
01-10-77;    0.49;   -4.38;    1.27;    1.72
01-11-77;    0.50;    4.00;    3.74;    0.29
01-12-77;    0.49;    0.27;    1.36;   -0.39
01-01-78;    0.49;   -6.01;    2.22;    3.31
01-02-78;    0.46;   -1.38;    3.59;    0.75
01-03-78;    0.53;    2.85;    3.49;    1.19
01-04-78;    0.54;    7.88;    0.40;   -3.56
01-05-78;    0.51;    1.76;    4.56;   -0.63
01-06-78;    0.54;   -1.69;    1.72;    0.54
01-07-78;    0.56;    5.11;    0.28;   -1.15
01-08-78;    0.56;    3.75;    5.06;   -0.44
01-09-78;    0.62;   -1.43;   -0.40;    1.88
01-10-78;    0.68;  -11.91;   -9.91;    1.40
01-11-78;    0.70;    2.71;    3.02;   -2.23
01-12-78;    0.78;    0.88;    1.25;   -2.20
01-01-79;    0.77;    4.23;    3.65;    2.29
01-02-79;    0.73;   -3.56;    0.44;    1.21
01-03-79;    0.81;    5.68;    3.20;   -0.70
01-04-79;    0.80;   -0.06;    2.18;    1.05
01-05-79;    0.82;   -2.21;    0.56;    1.93
01-06-79;    0.81;    3.85;    1.16;    1.50
01-07-79;    0.77;    0.82;    1.31;    1.69
01-08-79;    0.77;    5.53;    2.07;   -1.54
01-09-79;    0.83;   -0.82;   -0.28;   -0.91
01-10-79;    0.87;   -8.10;   -3.33;   -1.87
01-11-79;    0.99;    5.21;    2.73;   -3.23
01-12-79;    0.95;    1.79;    4.22;   -2.00
01-01-80;    0.80;    5.51;    1.68;    1.81
01-02-80;    0.89;   -1.22;   -1.81;    0.67
01-03-80;    1.21;  -12.90;   -6.62;   -1.08
01-04-80;    1.26;    3.97;    0.94;    1.14
01-05-80;    0.81;    5.26;    2.16;    0.41
01-06-80;    0.61;    3.06;    1.67;   -0.89
01-07-80;    0.53;    6.49;    4.25;   -6.37
01-08-80;    0.64;    1.80;    3.92;   -2.64
01-09-80;    0.75;    2.19;    0.85;   -4.72
01-10-80;    0.95;    1.06;    2.43;   -2.78
01-11-80;    0.96;    9.59;   -3.43;   -8.40
01-12-80;    1.31;   -4.52;   -0.26;    2.69
01-01-81;    1.04;   -5.04;    3.01;    6.86
01-02-81;    1.07;    0.56;   -0.28;    0.99
01-03-81;    1.21;    3.56;    3.65;    0.66
01-04-81;    1.08;   -2.10;    4.41;    2.27
01-05-81;    1.15;    0.11;    1.98;   -0.42
01-06-81;    1.35;   -2.36;   -0.84;    5.13
01-07-81;    1.24;   -1.54;   -2.21;   -0.59
01-08-81;    1.28;   -7.03;   -1.94;    4.85
01-09-81;    1.24;   -7.17;   -2.70;    5.19
01-10-81;    1.21;    4.92;    2.14;   -4.21
01-11-81;    1.07;    3.36;   -0.99;    1.91
01-12-81;    0.87;   -3.65;    1.15;    0.74
01-01-82;    0.80;   -3.24;   -1.44;    3.14
01-02-82;    0.92;   -5.86;    0.48;    6.07
01-03-82;    0.98;   -1.87;   -0.22;    3.78
01-04-82;    1.13;    3.27;    1.50;   -2.80
01-05-82;    1.06;   -3.99;    0.46;    1.83
01-06-82;    0.96;   -3.09;   -0.40;    1.54
01-07-82;    1.05;   -3.19;    0.85;    0.17
01-08-82;    0.76;   11.14;   -4.09;    1.18
01-09-82;    0.51;    1.29;    2.86;    0.33
01-10-82;    0.59;   11.30;    2.38;   -3.71
01-11-82;    0.63;    4.67;    4.80;   -1.98
01-12-82;    0.67;    0.55;   -0.18;    0.04
01-01-83;    0.69;    3.60;    2.72;   -0.83
01-02-83;    0.62;    2.59;    3.27;    0.72
01-03-83;    0.63;    2.82;    1.78;    2.08
01-04-83;    0.71;    6.67;    0.52;    0.62
01-05-83;    0.69;    0.52;    6.13;   -1.41
01-06-83;    0.67;    3.07;    0.90;   -3.92
01-07-83;    0.74;   -4.07;    1.47;    5.65
01-08-83;    0.76;   -0.50;   -4.29;    5.55
01-09-83;    0.76;    0.91;    0.59;    1.12
01-10-83;    0.76;   -3.44;   -3.60;    5.08
01-11-83;    0.70;    2.16;    2.04;   -0.62
01-12-83;    0.73;   -1.78;   -0.29;    1.66
01-01-84;    0.76;   -1.92;   -0.44;    7.60
01-02-84;    0.71;   -4.82;   -1.70;    3.35
01-03-84;    0.73;    0.63;    0.07;    0.49
01-04-84;    0.81;   -0.51;   -1.20;    1.29
01-05-84;    0.78;   -5.97;    0.04;    0.26
01-06-84;    0.75;    1.82;   -0.32;   -2.62
01-07-84;    0.82;   -2.74;   -2.22;    0.49
01-08-84;    0.83;   10.28;   -0.24;   -1.85
01-09-84;    0.86;   -0.80;    0.20;    5.33
01-10-84;    1.00;   -0.84;   -1.22;    0.50
01-11-84;    0.73;   -1.76;   -0.60;    4.08
01-12-84;    0.64;    1.84;   -0.60;   -0.16
01-01-85;    0.65;    7.99;    3.27;   -5.44
01-02-85;    0.58;    1.22;    0.76;   -0.11
01-03-85;    0.62;   -0.84;   -1.17;    4.10
01-04-85;    0.72;   -0.96;    0.15;    3.73
01-05-85;    0.66;    5.09;   -2.24;   -0.85
01-06-85;    0.55;    1.27;    0.62;    0.62
01-07-85;    0.62;   -0.74;    2.85;   -1.68
01-08-85;    0.55;   -1.02;   -0.35;    2.27
01-09-85;    0.60;   -4.54;   -1.59;    1.33
01-10-85;    0.65;    4.02;   -1.56;    0.79
01-11-85;    0.61;    6.48;    0.23;   -2.93
01-12-85;    0.65;    3.88;   -0.51;   -1.59
01-01-86;    0.56;    0.65;    1.23;    0.55
01-02-86;    0.53;    7.13;   -0.64;   -0.93
01-03-86;    0.60;    4.88;   -0.53;   -0.44
01-04-86;    0.52;   -1.31;    2.84;   -2.93
01-05-86;    0.49;    4.62;   -1.32;   -0.11
01-06-86;    0.52;    1.03;   -0.90;    1.41
01-07-86;    0.52;   -6.45;   -3.33;    4.84
01-08-86;    0.46;    6.07;   -4.20;    3.48
01-09-86;    0.45;   -8.60;    2.28;    3.22
01-10-86;    0.46;    4.66;   -2.41;   -1.23
01-11-86;    0.39;    1.17;   -1.93;   -0.08
01-12-86;    0.49;   -3.27;    0.09;    0.33
01-01-87;    0.42;   12.47;   -1.80;   -3.17
01-02-87;    0.43;    4.39;    3.48;   -5.98
01-03-87;    0.47;    1.64;    0.37;    1.59
01-04-87;    0.44;   -2.11;   -1.69;   -0.31
01-05-87;    0.38;    0.11;   -0.52;    0.17
01-06-87;    0.48;    3.94;   -2.21;    1.01
01-07-87;    0.46;    3.85;   -0.70;    0.63
01-08-87;    0.47;    3.52;   -0.74;   -0.91
01-09-87;    0.45;   -2.59;    0.52;    0.28
01-10-87;    0.60;  -23.24;   -8.38;    4.29
01-11-87;    0.35;   -7.77;    2.78;    3.14
01-12-87;    0.39;    6.81;    0.14;   -4.48
01-01-88;    0.29;    4.21;   -0.76;    5.09
01-02-88;    0.46;    4.75;    3.33;   -1.68
01-03-88;    0.44;   -2.27;    6.13;    0.71
01-04-88;    0.46;    0.56;    0.96;    1.68
01-05-88;    0.51;   -0.29;   -2.63;    2.31
01-06-88;    0.49;    4.79;    2.16;   -1.07
01-07-88;    0.51;   -1.25;   -0.21;    2.26
01-08-88;    0.59;   -3.31;    0.12;    2.17
01-09-88;    0.62;    3.30;   -1.33;   -0.70
01-10-88;    0.61;    1.15;   -2.89;    1.72
01-11-88;    0.57;   -2.29;   -1.77;    1.21
01-12-88;    0.63;    1.49;    1.89;   -1.42
01-01-89;    0.55;    6.10;   -2.12;    0.53
01-02-89;    0.61;   -2.25;    2.78;    0.94
01-03-89;    0.67;    1.57;    0.74;    0.49
01-04-89;    0.67;    4.33;   -0.55;   -1.45
01-05-89;    0.79;    3.35;    0.04;   -0.74
01-06-89;    0.71;   -1.35;   -1.01;    2.18
01-07-89;    0.70;    7.20;   -4.02;   -2.87
01-08-89;    0.74;    1.44;    0.47;    0.70
01-09-89;    0.65;   -0.76;    0.30;   -1.28
01-10-89;    0.68;   -3.67;   -3.26;   -1.02
01-11-89;    0.69;    1.03;   -1.28;   -1.09
01-12-89;    0.61;    1.16;   -2.38;    0.27
01-01-90;    0.57;   -7.85;   -1.30;    0.81
01-02-90;    0.57;    1.11;    1.02;    0.63
01-03-90;    0.64;    1.83;    1.52;   -2.91
01-04-90;    0.69;   -3.36;   -0.51;   -2.52
01-05-90;    0.68;    8.42;   -2.54;   -3.75
01-06-90;    0.63;   -1.09;    1.40;   -2.02
01-07-90;    0.68;   -1.90;   -3.21;   -0.02
01-08-90;    0.66;  -10.15;   -3.59;    1.58
01-09-90;    0.60;   -6.12;   -3.64;    0.77
01-10-90;    0.68;   -1.92;   -5.53;    0.24
01-11-90;    0.57;    6.35;    0.34;   -3.14
01-12-90;    0.60;    2.46;    0.78;   -1.60
01-01-91;    0.52;    4.69;    3.81;   -1.83
01-02-91;    0.48;    7.19;    3.94;   -0.53
01-03-91;    0.44;    2.65;    3.91;   -1.21
01-04-91;    0.53;   -0.28;    0.49;    1.37
01-05-91;    0.47;    3.65;   -0.33;   -0.56
01-06-91;    0.42;   -4.94;    0.07;    1.23
01-07-91;    0.49;    4.24;   -0.94;   -1.30
01-08-91;    0.46;    2.32;    1.61;   -0.78
01-09-91;    0.46;   -1.59;    1.65;   -0.96
01-10-91;    0.42;    1.29;    0.91;   -0.44
01-11-91;    0.39;   -4.19;   -0.48;   -1.92
01-12-91;    0.38;   10.84;   -2.22;   -4.01
01-01-92;    0.34;   -0.59;    8.48;    4.56
01-02-92;    0.28;    1.09;    0.88;    6.37
01-03-92;    0.34;   -2.66;   -1.04;    3.66
01-04-92;    0.32;    1.07;   -6.12;    4.30
01-05-92;    0.28;    0.30;    0.39;    1.26
01-06-92;    0.32;   -2.34;   -3.10;    3.40
01-07-92;    0.31;    3.77;   -0.43;   -0.52
01-08-92;    0.26;   -2.38;   -0.10;   -1.02
01-09-92;    0.26;    1.19;    0.56;   -0.20
01-10-92;    0.23;    1.02;    2.04;   -2.10
01-11-92;    0.23;    4.13;    3.68;   -1.48
01-12-92;    0.28;    1.53;    1.65;    2.54
01-01-93;    0.23;    0.93;    2.03;    5.87
01-02-93;    0.22;    0.12;   -3.43;    6.42
01-03-93;    0.25;    2.30;    0.24;    1.23
01-04-93;    0.24;   -3.05;   -0.69;    2.61
01-05-93;    0.22;    2.89;    1.95;   -3.42
01-06-93;    0.25;    0.31;   -0.29;    2.63
01-07-93;    0.24;   -0.34;    0.94;    3.23
01-08-93;    0.25;    3.71;    0.30;   -0.40
01-09-93;    0.26;   -0.12;    3.11;   -0.46
01-10-93;    0.22;    1.41;    1.45;   -1.57
01-11-93;    0.25;   -1.89;   -1.41;   -0.26
01-12-93;    0.23;    1.65;    1.22;    0.61
01-01-94;    0.25;    2.87;    0.11;    2.10
01-02-94;    0.21;   -2.55;    2.70;   -1.37
01-03-94;    0.27;   -4.78;   -0.98;    1.30
01-04-94;    0.27;    0.68;   -0.92;    1.65
01-05-94;    0.31;    0.58;   -2.01;    0.13
01-06-94;    0.31;   -3.03;   -0.48;    1.76
01-07-94;    0.28;    2.82;   -1.73;    0.58
01-08-94;    0.37;    4.01;    1.35;   -2.81
01-09-94;    0.37;   -2.31;    2.83;   -1.89
01-10-94;    0.38;    1.34;   -2.35;   -1.76
01-11-94;    0.37;   -4.04;    0.27;   -0.96
01-12-94;    0.44;    0.86;    0.04;    0.55
01-01-95;    0.42;    1.80;   -2.65;    0.82
01-02-95;    0.40;    3.63;   -0.67;    1.07
01-03-95;    0.46;    2.19;   -0.71;   -1.07
01-04-95;    0.44;    2.11;   -0.62;    2.26
01-05-95;    0.54;    2.90;   -2.20;    1.70
01-06-95;    0.47;    2.72;    2.93;   -2.29
01-07-95;    0.45;    3.72;    2.09;   -1.69
01-08-95;    0.47;    0.55;    1.58;    2.67
01-09-95;    0.43;    3.35;   -2.06;   -0.76
01-10-95;    0.47;   -1.52;   -3.74;   -0.72
01-11-95;    0.42;    3.96;   -1.17;    0.90
01-12-95;    0.49;    1.03;    0.56;    0.84
01-01-96;    0.43;    2.26;   -2.68;    0.40
01-02-96;    0.39;    1.33;    1.90;   -1.38
01-03-96;    0.39;    0.73;    1.29;    1.03
01-04-96;    0.46;    2.06;    4.93;   -3.91
01-05-96;    0.42;    2.36;    3.06;   -1.19
01-06-96;    0.40;   -1.14;   -3.60;    1.58
01-07-96;    0.45;   -5.97;   -3.84;    4.47
01-08-96;    0.41;    2.77;    2.31;   -0.41
01-09-96;    0.44;    5.01;   -0.90;   -3.19
01-10-96;    0.42;    0.86;   -4.45;    5.07
01-11-96;    0.41;    6.25;   -3.91;    1.18
01-12-96;    0.46;   -1.70;    3.21;    0.91
01-01-97;    0.45;    4.98;   -1.83;   -1.66
01-02-97;    0.39;   -0.49;   -2.90;    5.21
01-03-97;    0.43;   -5.02;   -0.38;    3.82
01-04-97;    0.43;    4.04;   -5.66;   -0.07
01-05-97;    0.49;    6.74;    4.91;   -3.87
01-06-97;    0.37;    4.10;    1.31;    1.26
01-07-97;    0.43;    7.33;   -2.80;    0.84
01-08-97;    0.41;   -4.15;    7.30;    1.37
01-09-97;    0.44;    5.35;    2.61;    0.02
01-10-97;    0.42;   -3.80;   -0.70;    1.99
01-11-97;    0.39;    2.98;   -4.95;    0.81
01-12-97;    0.48;    1.32;   -2.36;    3.48
01-01-98;    0.43;    0.15;   -1.15;   -1.47
01-02-98;    0.39;    7.04;    0.01;   -0.12
01-03-98;    0.39;    4.76;   -0.93;    1.03
01-04-98;    0.43;    0.73;    0.22;    0.73
01-05-98;    0.40;   -3.07;   -3.73;    4.15
01-06-98;    0.41;    3.18;   -3.16;   -2.32
01-07-98;    0.40;   -2.46;   -5.13;   -0.96
01-08-98;    0.43;  -16.08;   -5.30;    3.40
01-09-98;    0.46;    6.15;   -0.14;   -3.32
01-10-98;    0.32;    7.13;   -3.30;   -2.21
01-11-98;    0.31;    6.10;    1.08;   -3.14
01-12-98;    0.38;    6.16;   -0.34;   -4.46
01-01-99;    0.35;    3.50;    0.38;   -4.03
01-02-99;    0.35;   -4.08;   -5.67;    1.40
01-03-99;    0.43;    3.45;   -3.92;   -2.65
01-04-99;    0.37;    4.33;    3.97;    2.53
01-05-99;    0.34;   -2.46;    3.43;    2.40
01-06-99;    0.40;    4.77;    3.06;   -3.59
01-07-99;    0.38;   -3.47;    2.70;   -0.82
01-08-99;    0.39;   -1.38;   -1.21;   -1.38
01-09-99;    0.39;   -2.81;    3.35;   -3.44
01-10-99;    0.39;    6.13;   -6.89;   -2.93
01-11-99;    0.36;    3.37;    7.43;   -6.55
01-12-99;    0.44;    7.72;    7.20;   -8.74
01-01-00;    0.41;   -4.74;    5.05;   -0.45
01-02-00;    0.43;    2.45;   22.14;  -10.57
01-03-00;    0.47;    5.20;  -17.28;    7.94
01-04-00;    0.46;   -6.40;   -7.71;    8.56
01-05-00;    0.50;   -4.42;   -5.01;    2.43
01-06-00;    0.40;    4.64;   14.03;  -10.10
01-07-00;    0.48;   -2.51;   -2.79;    8.14
01-08-00;    0.50;    7.03;   -1.13;   -0.67
01-09-00;    0.51;   -5.45;   -1.39;    6.25
01-10-00;    0.56;   -2.76;   -3.76;    5.52
01-11-00;    0.51;  -10.72;   -2.79;   11.30
01-12-00;    0.50;    1.19;    0.97;    7.33
01-01-01;    0.54;    3.13;    6.57;   -4.91
01-02-01;    0.38;  -10.05;   -0.74;   12.90
01-03-01;    0.42;   -7.26;    0.34;    6.46
01-04-01;    0.39;    7.94;    0.52;   -4.69
01-05-01;    0.32;    0.72;    2.60;    3.14
01-06-01;    0.28;   -1.94;    6.05;   -1.06
01-07-01;    0.30;   -2.13;   -4.36;    5.59
01-08-01;    0.31;   -6.46;    2.49;    2.51
01-09-01;    0.28;   -9.25;   -6.11;    1.59
01-10-01;    0.22;    2.46;    7.61;   -8.08
01-11-01;    0.17;    7.54;   -0.43;    2.02
01-12-01;    0.15;    1.61;    4.57;    1.10
01-01-02;    0.14;   -1.44;    1.19;    3.31
01-02-02;    0.13;   -2.29;   -1.10;    2.50
01-03-02;    0.13;    4.24;    4.24;    1.10
01-04-02;    0.15;   -5.20;    5.94;    3.93
01-05-02;    0.14;   -1.38;   -3.22;    1.71
01-06-02;    0.13;   -7.21;    4.26;    0.15
01-07-02;    0.15;   -8.18;   -5.30;   -3.41
01-08-02;    0.14;    0.50;   -2.43;    2.48
01-09-02;    0.14;  -10.35;    2.57;    1.31
01-10-02;    0.14;    7.84;   -2.91;   -5.44
01-11-02;    0.12;    5.96;    2.84;   -1.14
01-12-02;    0.11;   -5.76;    0.00;    2.25
01-01-03;    0.10;   -2.57;    1.39;   -0.94
01-02-03;    0.09;   -1.88;   -0.36;   -1.43
01-03-03;    0.10;    1.09;    0.90;   -2.10
01-04-03;    0.10;    8.22;    0.55;    1.05
01-05-03;    0.09;    6.05;    4.70;   -0.30
01-06-03;    0.10;    1.42;    1.66;    0.68
01-07-03;    0.07;    2.35;    5.35;   -1.08
01-08-03;    0.07;    2.34;    2.69;    2.10
01-09-03;    0.08;   -1.24;    0.77;    0.00
01-10-03;    0.07;    6.08;    2.84;    1.88
01-11-03;    0.07;    1.35;    2.16;    1.95
01-12-03;    0.08;    4.29;   -3.07;    2.39
01-01-04;    0.07;    2.15;    2.76;    1.95
01-02-04;    0.06;    1.40;   -1.43;    0.50
01-03-04;    0.09;   -1.32;    1.76;    0.23
01-04-04;    0.08;   -1.83;   -2.10;   -2.65
01-05-04;    0.06;    1.17;   -0.18;   -0.36
01-06-04;    0.08;    1.86;    2.23;    1.34
01-07-04;    0.10;   -4.06;   -3.79;    4.11
01-08-04;    0.11;    0.08;   -1.58;    0.97
01-09-04;    0.11;    1.60;    3.04;   -0.24
01-10-04;    0.11;    1.43;    0.31;   -0.61
01-11-04;    0.15;    4.54;    3.90;    1.81
01-12-04;    0.16;    3.43;    0.13;   -0.07
01-01-05;    0.16;   -2.76;   -1.52;    1.96
01-02-05;    0.16;    1.89;   -0.50;    1.65
01-03-05;    0.21;   -1.97;   -1.41;    1.57
01-04-05;    0.21;   -2.61;   -4.00;   -0.35
01-05-05;    0.24;    3.65;    2.87;   -0.81
01-06-05;    0.23;    0.57;    2.59;    2.65
01-07-05;    0.24;    3.92;    2.93;   -0.51
01-08-05;    0.30;   -1.22;   -0.92;    1.27
01-09-05;    0.29;    0.49;   -0.58;    0.77
01-10-05;    0.27;   -2.02;   -1.21;    0.23
01-11-05;    0.31;    3.61;    0.91;   -1.18
01-12-05;    0.32;   -0.25;   -0.46;    0.44
01-01-06;    0.35;    3.04;    5.42;    1.12
01-02-06;    0.34;   -0.30;   -0.38;   -0.25
01-03-06;    0.37;    1.46;    3.55;    0.61
01-04-06;    0.36;    0.73;   -1.34;    2.59
01-05-06;    0.43;   -3.57;   -3.04;    2.55
01-06-06;    0.40;   -0.35;   -0.35;    0.87
01-07-06;    0.40;   -0.78;   -4.08;    2.94
01-08-06;    0.42;    2.03;    0.90;   -1.72
01-09-06;    0.41;    1.84;   -1.37;    0.05
01-10-06;    0.41;    3.23;    1.73;   -0.04
01-11-06;    0.42;    1.71;    0.86;    0.07
01-12-06;    0.40;    0.87;   -1.10;    3.16
01-01-07;    0.44;    1.40;    0.10;   -0.11
01-02-07;    0.38;   -1.96;    1.32;   -0.09
01-03-07;    0.43;    0.68;   -0.06;   -0.22
01-04-07;    0.44;    3.49;   -2.06;   -1.15
01-05-07;    0.41;    3.24;    0.03;   -0.05
01-06-07;    0.40;   -1.96;    0.77;   -1.13
01-07-07;    0.40;   -3.73;   -2.51;   -3.34
01-08-07;    0.42;    0.92;   -0.13;   -2.24
01-09-07;    0.32;    3.22;   -2.29;   -1.87
01-10-07;    0.32;    1.80;    0.22;   -2.59
01-11-07;    0.34;   -4.83;   -2.63;   -1.18
01-12-07;    0.27;   -0.87;    0.20;   -0.52
01-01-08;    0.21;   -6.36;   -0.89;    3.65
01-02-08;    0.13;   -3.09;   -0.23;   -0.95
01-03-08;    0.17;   -0.93;    0.94;   -0.15
01-04-08;    0.18;    4.60;   -1.64;   -0.96
01-05-08;    0.18;    1.86;    3.21;   -1.38
01-06-08;    0.17;   -8.44;    1.27;   -2.43
01-07-08;    0.15;   -0.77;    2.47;    5.81
01-08-08;    0.13;    1.53;    3.61;    1.56
01-09-08;    0.15;   -9.24;   -1.13;    6.33
01-10-08;    0.08;  -17.23;   -2.33;   -2.89
01-11-08;    0.03;   -7.86;   -2.99;   -5.94
01-12-08;    0.00;    1.74;    3.59;   -0.24
01-01-09;    0.00;   -8.12;   -0.01;  -11.10
01-02-09;    0.01;  -10.10;    0.17;   -7.25
01-03-09;    0.02;    8.95;   -0.09;    3.53
01-04-09;    0.01;   10.19;    4.83;    5.46
01-05-09;    0.00;    5.21;   -2.33;   -0.21
01-06-09;    0.01;    0.43;    2.61;   -2.71
01-07-09;    0.01;    7.72;    2.07;    5.28
01-08-09;    0.01;    3.33;   -0.90;    7.76
01-09-09;    0.01;    4.08;    2.45;    0.92
01-10-09;    0.00;   -2.59;   -4.22;   -4.17
01-11-09;    0.00;    5.56;   -2.49;   -0.17
01-12-09;    0.01;    2.75;    6.11;    0.01
01-01-10;    0.00;   -3.36;    0.38;    0.31
01-02-10;    0.00;    3.40;    1.20;    3.16
01-03-10;    0.01;    6.31;    1.42;    2.10
01-04-10;    0.01;    2.00;    4.98;    2.81
01-05-10;    0.01;   -7.89;    0.05;   -2.38
01-06-10;    0.01;   -5.56;   -1.97;   -4.50
01-07-10;    0.01;    6.93;    0.16;   -0.27
01-08-10;    0.01;   -4.77;   -3.00;   -1.95
01-09-10;    0.01;    9.54;    3.92;   -3.12
01-10-10;    0.01;    3.88;    1.15;   -2.59
01-11-10;    0.01;    0.60;    3.70;   -0.90
01-12-10;    0.01;    6.82;    0.70;    3.81
01-01-11;    0.01;    1.99;   -2.47;    0.81
01-02-11;    0.01;    3.49;    1.52;    1.09
01-03-11;    0.01;    0.45;    2.60;   -1.55
01-04-11;    0.00;    2.90;   -0.34;   -2.51
01-05-11;    0.00;   -1.27;   -0.70;   -2.06
01-06-11;    0.00;   -1.75;   -0.18;   -0.31
01-07-11;    0.00;   -2.36;   -1.31;   -1.23
01-08-11;    0.01;   -5.99;   -3.06;   -2.44
01-09-11;    0.00;   -7.59;   -3.48;   -1.46
01-10-11;    0.00;   11.35;    3.41;   -0.17
01-11-11;    0.00;   -0.28;   -0.17;   -0.35
01-12-11;    0.00;    0.74;   -0.71;    1.74
01-01-12;    0.00;    5.05;    2.15;   -1.09
01-02-12;    0.00;    4.42;   -1.75;    0.09
01-03-12;    0.00;    3.11;   -0.61;    0.87
01-04-12;    0.00;   -0.85;   -0.52;   -0.47
01-05-12;    0.01;   -6.19;    0.02;   -0.62
01-06-12;    0.00;    3.89;    0.77;    0.44
01-07-12;    0.00;    0.79;   -2.58;   -0.25
01-08-12;    0.01;    2.55;    0.41;    1.28
01-09-12;    0.01;    2.73;    0.50;    1.52
01-10-12;    0.01;   -1.76;   -1.14;    3.79
01-11-12;    0.01;    0.78;    0.59;   -0.96
01-12-12;    0.01;    1.18;    1.47;    3.55
01-01-13;    0.00;    5.57;    0.39;    0.92
01-02-13;    0.00;    1.29;   -0.45;    0.00
01-03-13;    0.00;    4.03;    0.79;   -0.26
01-04-13;    0.00;    1.55;   -2.44;    0.59
01-05-13;    0.00;    2.80;    1.67;    2.55
01-06-13;    0.00;   -1.20;    1.22;   -0.19
01-07-13;    0.00;    5.65;    1.86;    0.55
01-08-13;    0.00;   -2.71;    0.30;   -2.78
01-09-13;    0.00;    3.77;    2.94;   -1.18
01-10-13;    0.00;    4.18;   -1.49;    1.15
01-11-13;    0.00;    3.12;    1.24;    0.24
01-12-13;    0.00;    2.81;   -0.50;   -0.30
01-01-14;    0.00;   -3.32;    0.87;   -2.08
01-02-14;    0.00;    4.65;    0.33;   -0.39
01-03-14;    0.00;    0.43;   -1.89;    5.09
01-04-14;    0.00;   -0.19;   -4.25;    1.14
01-05-14;    0.00;    2.06;   -1.83;   -0.26
01-06-14;    0.00;    2.61;    3.06;   -0.74
01-07-14;    0.00;   -2.04;   -4.23;    0.01
01-08-14;    0.00;    4.24;    0.37;   -0.57
01-09-14;    0.00;   -1.97;   -3.82;   -1.22
01-10-14;    0.00;    2.52;    4.23;   -1.69
01-11-14;    0.00;    2.55;   -2.06;   -2.99
01-12-14;    0.00;   -0.06;    2.54;    2.07
01-01-15;    0.00;   -3.11;   -0.57;   -3.47
01-02-15;    0.00;    6.13;    0.53;   -1.77
01-03-15;    0.00;   -1.12;    3.05;   -0.45
01-04-15;    0.00;    0.59;   -2.97;    1.85
01-05-15;    0.00;    1.36;    0.94;   -1.33
01-06-15;    0.00;   -1.53;    2.81;   -0.81
01-07-15;    0.00;    1.54;   -4.15;   -4.14
01-08-15;    0.00;   -6.04;    0.49;    2.69
01-09-15;    0.00;   -3.08;   -2.64;    0.53
01-10-15;    0.00;    7.75;   -1.98;   -0.09
01-11-15;    0.00;    0.56;    3.64;   -0.51
01-12-15;    0.01;   -2.17;   -2.81;   -2.57
01-01-16;    0.01;   -5.77;   -3.39;    2.10
01-02-16;    0.02;   -0.07;    0.78;   -0.48
01-03-16;    0.02;    6.96;    0.89;    1.14
01-04-16;    0.01;    0.92;    0.67;    3.25
01-05-16;    0.01;    1.78;   -0.26;   -1.80
01-06-16;    0.02;   -0.05;    0.65;   -1.49
01-07-16;    0.02;    3.95;    2.64;   -1.13
01-08-16;    0.02;    0.50;    1.17;    3.34
01-09-16;    0.02;    0.25;    2.01;   -1.49
01-10-16;    0.02;   -2.02;   -4.36;    4.16
01-11-16;    0.01;    4.86;    5.48;    8.27
01-12-16;    0.03;    1.82;    0.08;    3.61
01-01-17;    0.04;    1.94;   -1.05;   -2.68
01-02-17;    0.04;    3.57;   -1.99;   -1.79
01-03-17;    0.03;    0.17;    1.20;   -3.17
01-04-17;    0.05;    1.09;    0.73;   -1.91
01-05-17;    0.06;    1.06;   -2.54;   -3.75
01-06-17;    0.06;    0.78;    2.15;    1.32
01-07-17;    0.07;    1.87;   -1.42;   -0.28
01-08-17;    0.09;    0.16;   -1.71;   -2.26
01-09-17;    0.09;    2.51;    4.53;    3.02
01-10-17;    0.09;    2.25;   -1.95;   -0.08
01-11-17;    0.08;    3.12;   -0.63;    0.02
01-12-17;    0.09;    1.06;   -1.27;    0.11
01-01-18;    0.11;    5.57;   -3.06;   -1.41
01-02-18;    0.11;   -3.65;    0.28;   -1.20
